Workbook

Sheet Como ler
A1: Radar de ofertas - Biblioteca de Anuncios (nicho educacao infantil / professores)
A2: Fonte: export fb-ads-export-2026-09-11 (2).json - 462 anuncios ativos, 314 anunciantes. Coleta de 11/09/2026.
A4: PESOS DO SCORE FINAL
A5: Peso Escala | B5: 0.55 | C5: Celulas azuis = editaveis. As abas de ranking recalculam sozinhas.
A6: Peso Facilidade de replicar | B6: 0.45
A8: COMO CADA SUBNOTA E CALCULADA
A9: ESCALA = Tempo x55% + Volume x25% + Criativos x20%
A10: Tempo no ar | B10: 0 a 10 | C10: Melhor anuncio do anunciante. 365d+=10 | 180d+=9 | 120d+=8 | 90d+=7 | 60d+=6 | 30d+=5 | 14d+=3 | abaixo=1. Anuncio velho no ar = oferta que paga o trafego.
A11: Volume de anuncios | B11: 0 a 10 | C11: Anuncios ativos hoje. 10+=10 | 5+=8 | 3+=6 | 2=4 | 1=2.
A12: Criativos | B12: 0 a 10 | C12: Variacoes rodando. 10+=10 | 6+=8 | 4+=6 | 2+=4 | 1=2. Muito criativo = esta testando com verba.
A14: REPLICA = LP x35% + Operacao x25% + Produto x25% + Criativo x15%
A15: Tem LP propria | B15: 3 ou 10 | C15: Dominio proprio=10 (da pra clonar o funil inteiro). So WhatsApp/Instagram=3 (nao da pra ver oferta nem checkout).
A16: Operacao enxuta | B16: 4 a 10 | C16: Hotmart/Kiwify/Lovable/Netlify/Vercel/Loja Integrada=10 (uma pessoa toca). Dominio proprio=7. Resto=4.
A17: Tipo de produto | B17: 1 a 10 | C17: Infoproduto/material digital=10 | EAD=6 | Editora B2B=3 | Escola fisica=1. Escola nao e replicavel: vende CEP.
A18: Criativo | B18: 6 ou 9 | C18: Imagem=9 (refaz em 20 min no Canva). Video=6.
A20: CORTE DE REPLICACAO | C20: Score Final >= 7,0 E Replica >= 7,0. Na aba "1. Top replicaveis" essas linhas estao destacadas em amarelo.
A22: LIMITE DESTE DADO | C22: O export nao traz copy, headline nem preco. Escala aqui e proxy (tempo no ar + volume). Pra fechar o score de ticket e de oferta, tem que abrir o link da LP e passar o unFunnelizer.

Sheet 1. Top replicaveis
A1: 1. TOP REPLICAVEIS - infoprodutos e material digital
A2: So anunciantes que vendem produto digital (nao escola). Ordenado por Score Final. Linhas amarelas passam no corte: Final >= 7,0 e Replica >= 7,0.
A4: # | B4: Anunciante | C4: Nicho | D4: Categoria | E4: Dias no ar (melhor) | F4: Anuncios ativos | G4: Criativos | H4: Formato | I4: Destino do clique | J4: Dominio | K4: Tempo | L4: Volume | M4: Criativos (nota) | N4: LP propria | O4: Operacao | P4: Produto | Q4: Criativo (nota) | R4: Score ESCALA | S4: Score REPLICA | T4: SCORE FINAL | U4: Ad Library | V4: Site
A5: 1 | B5: Instituto Alfa e Beto | C5: Alfabetizacao | D5: Infoproduto / Material digital | E5: 456 | F5: 6 | G5: 6 | H5: Imagem | I5: Landing page propria | J5: alfaebeto.org.br, alfaebeto.lojaintegrada.com.br | K5: 10 | L5: 8 | M5: 8 | N5: 10 | O5: 10 | P5: 10 | Q5: 9 | R5: =ROUND(K5*0.55+L5*0.25+M5*0.2,1) -> 9.1 | S5: =ROUND(N5*0.35+O5*0.25+P5*0.25+Q5*0.15,1) -> 9.9 | T5: =ROUND(R5*'Como ler'!$B$5+S5*'Como ler'!$B$6,1) -> 9.5 | U5: ver anuncios | V5: abrir
A6: 2 | B6: Só Educador | C6: Atividades / material para imprimir | D6: Infoproduto / Material digital | E6: 380 | F6: 12 | G6: 15 | H6: Video | I6: Landing page propria | J6: soeducador.com.br, superkit.soeducador.com.br | K6: 10 | L6: 10 | M6: 10 | N6: 10 | O6: 7 | P6: 10 | Q6: 6 | R6: =ROUND(K6*0.55+L6*0.25+M6*0.2,1) -> 10 | S6: =ROUND(N6*0.35+O6*0.25+P6*0.25+Q6*0.15,1) -> 8.7 | T6: =ROUND(R6*'Como ler'!$B$5+S6*'Como ler'!$B$6,1) -> 9.4 | U6: ver anuncios | V6: abrir
A7: 3 | B7: Valecup - Cursos Pedagógicos | C7: Curso / formacao para professor | D7: Infoproduto / Material digital | E7: 388 | F7: 4 | G7: 6 | H7: Imagem | I7: Landing page propria | J7: valecup.com.br | K7: 10 | L7: 6 | M7: 8 | N7: 10 | O7: 7 | P7: 10 | Q7: 9 | R7: =ROUND(K7*0.55+L7*0.25+M7*0.2,1) -> 8.6 | S7: =ROUND(N7*0.35+O7*0.25+P7*0.25+Q7*0.15,1) -> 9.1 | T7: =ROUND(R7*'Como ler'!$B$5+S7*'Como ler'!$B$6,1) -> 8.8 | U7: ver anuncios | V7: abrir
A8: 4 | B8: Mind Makers | C8: Curso / formacao para professor | D8: Infoproduto / Material digital | E8: 464 | F8: 3 | G8: 6 | H8: Video | I8: Landing page propria | J8: mindmakers.com.br | K8: 10 | L8: 6 | M8: 8 | N8: 10 | O8: 7 | P8: 10 | Q8: 6 | R8: =ROUND(K8*0.55+L8*0.25+M8*0.2,1) -> 8.6 | S8: =ROUND(N8*0.35+O8*0.25+P8*0.25+Q8*0.15,1) -> 8.7 | T8: =ROUND(R8*'Como ler'!$B$5+S8*'Como ler'!$B$6,1) -> 8.6 | U8: ver anuncios | V8: abrir
A9: 5 | B9: ElloCursos Psicologia | C9: Psicopedagogia / neuro / TEA | D9: Infoproduto / Material digital | E9: 401 | F9: 3 | G9: 3 | H9: Imagem | I9: Landing page propria | J9: ellocursos.com.br | K9: 10 | L9: 6 | M9: 4 | N9: 10 | O9: 7 | P9: 10 | Q9: 9 | R9: =ROUND(K9*0.55+L9*0.25+M9*0.2,1) -> 7.8 | S9: =ROUND(N9*0.35+O9*0.25+P9*0.25+Q9*0.15,1) -> 9.1 | T9: =ROUND(R9*'Como ler'!$B$5+S9*'Como ler'!$B$6,1) -> 8.4 | U9: ver anuncios | V9: abrir
A10: 6 | B10: Kit Tarefinha Lúdica | C10: Atividades / material para imprimir | D10: Infoproduto / Material digital | E10: 266 | F10: 3 | G10: 5 | H10: Video | I10: Landing page propria | J10: kittarefinhaludica.com.br | K10: 9 | L10: 6 | M10: 6 | N10: 10 | O10: 7 | P10: 10 | Q10: 6 | R10: =ROUND(K10*0.55+L10*0.25+M10*0.2,1) -> 7.7 | S10: =ROUND(N10*0.35+O10*0.25+P10*0.25+Q10*0.15,1) -> 8.7 | T10: =ROUND(R10*'Como ler'!$B$5+S10*'Como ler'!$B$6,1) -> 8.2 | U10: ver anuncios | V10: abrir
A11: 7 | B11: Atividades Com Amor | C11: Atividades / material para imprimir | D11: Infoproduto / Material digital | E11: 471 | F11: 2 | G11: 2 | H11: Video | I11: Landing page propria | J11: atividadescomamor.com.br | K11: 10 | L11: 4 | M11: 4 | N11: 10 | O11: 7 | P11: 10 | Q11: 6 | R11: =ROUND(K11*0.55+L11*0.25+M11*0.2,1) -> 7.3 | S11: =ROUND(N11*0.35+O11*0.25+P11*0.25+Q11*0.15,1) -> 8.7 | T11: =ROUND(R11*'Como ler'!$B$5+S11*'Como ler'!$B$6,1) -> 7.9 | U11: ver anuncios | V11: abrir
A12: 8 | B12: Instituto NeuroSaber | C12: Psicopedagogia / neuro / TEA | D12: Infoproduto / Material digital | E12: 367 | F12: 1 | G12: 2 | H12: Imagem | I12: Landing page propria | J12: posneurosaber.com.br | K12: 10 | L12: 2 | M12: 4 | N12: 10 | O12: 7 | P12: 10 | Q12: 9 | R12: =ROUND(K12*0.55+L12*0.25+M12*0.2,1) -> 6.8 | S12: =ROUND(N12*0.35+O12*0.25+P12*0.25+Q12*0.15,1) -> 9.1 | T12: =ROUND(R12*'Como ler'!$B$5+S12*'Como ler'!$B$6,1) -> 7.8 | U12: ver anuncios | V12: abrir
A13: 9 | B13: Profª Karina Tarefinhas | C13: Alfabetizacao | D13: Infoproduto / Material digital | E13: 140 | F13: 3 | G13: 3 | H13: Video | I13: Landing page propria | J13: api.whatsapp.com, silabassimples.karinatarefinhas.com.br | K13: 8 | L13: 6 | M13: 4 | N13: 10 | O13: 7 | P13: 10 | Q13: 6 | R13: =ROUND(K13*0.55+L13*0.25+M13*0.2,1) -> 6.7 | S13: =ROUND(N13*0.35+O13*0.25+P13*0.25+Q13*0.15,1) -> 8.7 | T13: =ROUND(R13*'Como ler'!$B$5+S13*'Como ler'!$B$6,1) -> 7.6 | U13: ver anuncios | V13: abrir
A14: 10 | B14: Profesdainfancia | C14: Curso / formacao para professor | D14: Infoproduto / Material digital | E14: 146 | F14: 2 | G14: 2 | H14: Video | I14: Landing page propria | J14: monifaraon1755365946.hotmart.host | K14: 8 | L14: 4 | M14: 4 | N14: 10 | O14: 10 | P14: 10 | Q14: 6 | R14: =ROUND(K14*0.55+L14*0.25+M14*0.2,1) -> 6.2 | S14: =ROUND(N14*0.35+O14*0.25+P14*0.25+Q14*0.15,1) -> 9.4 | T14: =ROUND(R14*'Como ler'!$B$5+S14*'Como ler'!$B$6,1) -> 7.6 | U14: ver anuncios | V14: abrir
A15: 11 | B15: Focanoensino | C15: Concurso / prova de professor | D15: Infoproduto / Material digital | E15: 449 | F15: 1 | G15: 1 | H15: Video | I15: Landing page propria | J15: focanoensino.com.br | K15: 10 | L15: 2 | M15: 2 | N15: 10 | O15: 7 | P15: 10 | Q15: 6 | R15: =ROUND(K15*0.55+L15*0.25+M15*0.2,1) -> 6.4 | S15: =ROUND(N15*0.35+O15*0.25+P15*0.25+Q15*0.15,1) -> 8.7 | T15: =ROUND(R15*'Como ler'!$B$5+S15*'Como ler'!$B$6,1) -> 7.4 | U15: ver anuncios | V15: abrir
A16: 12 | B16: Mini Mins | C16: Curso / formacao para professor | D16: Infoproduto / Material digital | E16: 186 | F16: 1 | G16: 3 | H16: Video | I16: Landing page propria | J16: professoramarcellacampos.com.br | K16: 9 | L16: 2 | M16: 4 | N16: 10 | O16: 7 | P16: 10 | Q16: 6 | R16: =ROUND(K16*0.55+L16*0.25+M16*0.2,1) -> 6.3 | S16: =ROUND(N16*0.35+O16*0.25+P16*0.25+Q16*0.15,1) -> 8.7 | T16: =ROUND(R16*'Como ler'!$B$5+S16*'Como ler'!$B$6,1) -> 7.4 | U16: ver anuncios | V16: abrir
... A73: 69 | B73: Mapas Pedagógicos | C73: Curso / formacao para professor | D73: Infoproduto / Material digital | E73: 7 | F73: 1 | G73: 1 | H73: Imagem | I73: Perfil / DM | J73: instagram.com | K73: 1 | L73: 2 | M73: 2 | N73: 3 | O73: 4 | P73: 10 | Q73: 9 | R73: =ROUND(K73*0.55+L73*0.25+M73*0.2,1) -> 1.5 | S73: =ROUND(N73*0.35+O73*0.25+P73*0.25+Q73*0.15,1) -> 5.9 | T73: =ROUND(R73*'Como ler'!$B$5+S73*'Como ler'!$B$6,1) -> 3.5 | U73: ver anuncios | V73: abrir

Sheet 2. Maior escala (tudo)
A1: 2. MAIOR ESCALA - todos os 314 anunciantes
A2: Ordenado por tempo no ar do melhor anuncio. Use o filtro da coluna Categoria pra separar escola de infoproduto.
A4: # | B4: Anunciante | C4: Nicho | D4: Categoria | E4: Dias no ar (melhor) | F4: Anuncios ativos | G4: Criativos | H4: Formato | I4: Destino do clique | J4: Dominio | K4: Tempo | L4: Volume | M4: Criativos (nota) | N4: LP propria | O4: Operacao | P4: Produto | Q4: Criativo (nota) | R4: Score ESCALA | S4: Score REPLICA | T4: SCORE FINAL | U4: Ad Library | V4: Site
A5: 1 | B5: Escola de Educação Infantil Conviver | C5: Material infantil (geral) | D5: Escola / Matricula | E5: 1148 | F5: 1 | G5: 1 | H5: Imagem | I5: Perfil / DM | J5: facebook.com | K5: 10 | L5: 2 | M5: 2 | N5: 3 | O5: 4 | P5: 1 | Q5: 9 | R5: =ROUND(K5*0.55+L5*0.25+M5*0.2,1) -> 6.4 | S5: =ROUND(N5*0.35+O5*0.25+P5*0.25+Q5*0.15,1) -> 3.7 | T5: =ROUND(R5*'Como ler'!$B$5+S5*'Como ler'!$B$6,1) -> 5.2 | U5: ver anuncios | V5: abrir
A6: 2 | B6: espaco_alvo_triangulo | C6: Material infantil (geral) | D6: Indefinido | E6: 1028 | F6: 1 | G6: 1 | H6: Video | I6: Perfil / DM | J6: instagram.com | K6: 10 | L6: 2 | M6: 2 | N6: 3 | O6: 4 | P6: 1 | Q6: 6 | R6: =ROUND(K6*0.55+L6*0.25+M6*0.2,1) -> 6.4 | S6: =ROUND(N6*0.35+O6*0.25+P6*0.25+Q6*0.15,1) -> 3.2 | T6: =ROUND(R6*'Como ler'!$B$5+S6*'Como ler'!$B$6,1) -> 5 | U6: ver anuncios | V6: abrir
A7: 3 | B7: Escola Kids | C7: Material infantil (geral) | D7: Escola / Matricula | E7: 896 | F7: 2 | G7: 2 | H7: Imagem | I7: Sem link | J7: - | K7: 10 | L7: 4 | M7: 4 | N7: 3 | O7: 4 | P7: 1 | Q7: 9 | R7: =ROUND(K7*0.55+L7*0.25+M7*0.2,1) -> 7.3 | S7: =ROUND(N7*0.35+O7*0.25+P7*0.25+Q7*0.15,1) -> 3.7 | T7: =ROUND(R7*'Como ler'!$B$5+S7*'Como ler'!$B$6,1) -> 5.7 | U7: ver anuncios | V7: -
A8: 4 | B8: Ápice Educação Infantil | C8: Material infantil (geral) | D8: Escola / Matricula | E8: 878 | F8: 1 | G8: 1 | H8: Video | I8: WhatsApp direto | J8: api.whatsapp.com | K8: 10 | L8: 2 | M8: 2 | N8: 3 | O8: 4 | P8: 1 | Q8: 6 | R8: =ROUND(K8*0.55+L8*0.25+M8*0.2,1) -> 6.4 | S8: =ROUND(N8*0.35+O8*0.25+P8*0.25+Q8*0.15,1) -> 3.2 | T8: =ROUND(R8*'Como ler'!$B$5+S8*'Como ler'!$B$6,1) -> 5 | U8: ver anuncios | V8: abrir
A9: 5 | B9: Escola de Educação Infantil Turminha da Piquitita | C9: Material infantil (geral) | D9: Escola / Matricula | E9: 854 | F9: 1 | G9: 1 | H9: Video | I9: WhatsApp direto | J9: api.whatsapp.com | K9: 10 | L9: 2 | M9: 2 | N9: 3 | O9: 4 | P9: 1 | Q9: 6 | R9: =ROUND(K9*0.55+L9*0.25+M9*0.2,1) -> 6.4 | S9: =ROUND(N9*0.35+O9*0.25+P9*0.25+Q9*0.15,1) -> 3.2 | T9: =ROUND(R9*'Como ler'!$B$5+S9*'Como ler'!$B$6,1) -> 5 | U9: ver anuncios | V9: abrir
A10: 6 | B10: DOM TITON - Escola Integral de Educação Infantil | C10: Material infantil (geral) | D10: Escola / Matricula | E10: 848 | F10: 1 | G10: 1 | H10: Video | I10: Perfil / DM | J10: instagram.com | K10: 10 | L10: 2 | M10: 2 | N10: 3 | O10: 4 | P10: 1 | Q10: 6 | R10: =ROUND(K10*0.55+L10*0.25+M10*0.2,1) -> 6.4 | S10: =ROUND(N10*0.35+O10*0.25+P10*0.25+Q10*0.15,1) -> 3.2 | T10: =ROUND(R10*'Como ler'!$B$5+S10*'Como ler'!$B$6,1) -> 5 | U10: ver anuncios | V10: abrir
A11: 7 | B11: colorecrecheescola | C11: Material infantil (geral) | D11: Escola / Matricula | E11: 837 | F11: 2 | G11: 2 | H11: Video | I11: Perfil / DM | J11: instagram.com | K11: 10 | L11: 4 | M11: 4 | N11: 3 | O11: 4 | P11: 1 | Q11: 6 | R11: =ROUND(K11*0.55+L11*0.25+M11*0.2,1) -> 7.3 | S11: =ROUND(N11*0.35+O11*0.25+P11*0.25+Q11*0.15,1) -> 3.2 | T11: =ROUND(R11*'Como ler'!$B$5+S11*'Como ler'!$B$6,1) -> 5.5 | U11: ver anuncios | V11: abrir
A12: 8 | B12: Escola JM | C12: Material infantil (geral) | D12: Escola / Matricula | E12: 700 | F12: 1 | G12: 1 | H12: Imagem | I12: WhatsApp direto | J12: api.whatsapp.com | K12: 10 | L12: 2 | M12: 2 | N12: 3 | O12: 4 | P12: 1 | Q12: 9 | R12: =ROUND(K12*0.55+L12*0.25+M12*0.2,1) -> 6.4 | S12: =ROUND(N12*0.35+O12*0.25+P12*0.25+Q12*0.15,1) -> 3.7 | T12: =ROUND(R12*'Como ler'!$B$5+S12*'Como ler'!$B$6,1) -> 5.2 | U12: ver anuncios | V12: abrir
A13: 9 | B13: Colégio Destaque | C13: Material infantil (geral) | D13: Escola / Matricula | E13: 667 | F13: 1 | G13: 1 | H13: Video | I13: WhatsApp direto | J13: api.whatsapp.com | K13: 10 | L13: 2 | M13: 2 | N13: 3 | O13: 4 | P13: 1 | Q13: 6 | R13: =ROUND(K13*0.55+L13*0.25+M13*0.2,1) -> 6.4 | S13: =ROUND(N13*0.35+O13*0.25+P13*0.25+Q13*0.15,1) -> 3.2 | T13: =ROUND(R13*'Como ler'!$B$5+S13*'Como ler'!$B$6,1) -> 5 | U13: ver anuncios | V13: abrir
A14: 10 | B14: Baby Passinho - Berçário e Educação Infantil | C14: Material infantil (geral) | D14: Escola / Matricula | E14: 647 | F14: 2 | G14: 2 | H14: Video | I14: WhatsApp direto | J14: api.whatsapp.com | K14: 10 | L14: 4 | M14: 4 | N14: 3 | O14: 4 | P14: 1 | Q14: 6 | R14: =ROUND(K14*0.55+L14*0.25+M14*0.2,1) -> 7.3 | S14: =ROUND(N14*0.35+O14*0.25+P14*0.25+Q14*0.15,1) -> 3.2 | T14: =ROUND(R14*'Como ler'!$B$5+S14*'Como ler'!$B$6,1) -> 5.5 | U14: ver anuncios | V14: abrir
A15: 11 | B15: Colore Creche Escola | C15: Material infantil (geral) | D15: Escola / Matricula | E15: 586 | F15: 2 | G15: 2 | H15: Imagem | I15: WhatsApp direto | J15: instagram.com, api.whatsapp.com | K15: 10 | L15: 4 | M15: 4 | N15: 3 | O15: 4 | P15: 1 | Q15: 9 | R15: =ROUND(K15*0.55+L15*0.25+M15*0.2,1) -> 7.3 | S15: =ROUND(N15*0.35+O15*0.25+P15*0.25+Q15*0.15,1) -> 3.7 | T15: =ROUND(R15*'Como ler'!$B$5+S15*'Como ler'!$B$6,1) -> 5.7 | U15: ver anuncios | V15: abrir
A16: 12 | B16: Atividades da Prô - Recursos Pedagógicos | C16: Atividades / material para imprimir | D16: Infoproduto / Material digital | E16: 564 | F16: 1 | G16: 1 | H16: Imagem | I16: Perfil / DM | J16: instagram.com | K16: 10 | L16: 2 | M16: 2 | N16: 3 | O16: 4 | P16: 10 | Q16: 9 | R16: =ROUND(K16*0.55+L16*0.25+M16*0.2,1) -> 6.4 | S16: =ROUND(N16*0.35+O16*0.25+P16*0.25+Q16*0.15,1) -> 5.9 | T16: =ROUND(R16*'Como ler'!$B$5+S16*'Como ler'!$B$6,1) -> 6.2 | U16: ver anuncios | V16: abrir
... A318: 314 | B318: Marília Campos | C318: Curso / formacao para professor | D318: Politico / Fora do nicho | E318: 0 | F318: 1 | G318: 1 | H318: Video | I318: Perfil / DM | J318: instagram.com | K318: 1 | L318: 2 | M318: 2 | N318: 3 | O318: 4 | P318: 1 | Q318: 6 | R318: =ROUND(K318*0.55+L318*0.25+M318*0.2,1) -> 1.5 | S318: =ROUND(N318*0.35+O318*0.25+P318*0.25+Q318*0.15,1) -> 3.2 | T318: =ROUND(R318*'Como ler'!$B$5+S318*'Como ler'!$B$6,1) -> 2.3 | U318: ver anuncios | V318: abrir

Sheet 3. Base - 462 anuncios
A1: 3. BASE COMPLETA - 462 anuncios ativos
A2: Um anuncio por linha, exatamente como veio do export.
A4: # | B4: Anunciante | C4: Categoria | D4: Inicio | E4: Dias no ar | F4: Criativos | G4: Formato | H4: Dominio | I4: Ad Library do anunciante | J4: Link do anuncio
A5: 1 | B5: Escola de Educação Infantil Conviver | C5: Escola / Matricula | D5: Fri Jul 21 2023 | E5: 1148 | F5: 1 | G5: Imagem | H5: facebook.com | I5: ver anuncios | J5: abrir
A6: 2 | B6: espaco_alvo_triangulo | C6: Indefinido | D6: Sat Nov 18 2023 | E6: 1028 | F6: 1 | G6: Video | H6: instagram.com | I6: ver anuncios | J6: abrir
A7: 3 | B7: Escola Kids | C7: Escola / Matricula | D7: Fri Mar 29 2024 | E7: 896 | F7: 1 | G7: Imagem | H7: - | I7: ver anuncios | J7: -
A8: 4 | B8: Escola Kids | C8: Escola / Matricula | D8: Fri Mar 29 2024 | E8: 896 | F8: 1 | G8: Imagem | H8: - | I8: ver anuncios | J8: -
A9: 5 | B9: Ápice Educação Infantil | C9: Escola / Matricula | D9: Tue Apr 16 2024 | E9: 878 | F9: 1 | G9: Video | H9: api.whatsapp.com | I9: ver anuncios | J9: abrir
A10: 6 | B10: Escola de Educação Infantil Turminha da Piquitita | C10: Escola / Matricula | D10: Fri May 10 2024 | E10: 854 | F10: 1 | G10: Video | H10: api.whatsapp.com | I10: ver anuncios | J10: abrir
A11: 7 | B11: DOM TITON - Escola Integral de Educação Infantil | C11: Escola / Matricula | D11: Thu May 16 2024 | E11: 848 | F11: 1 | G11: Video | H11: instagram.com | I11: ver anuncios | J11: abrir
A12: 8 | B12: colorecrecheescola | C12: Escola / Matricula | D12: Mon May 27 2024 | E12: 837 | F12: 1 | G12: Video | H12: instagram.com | I12: ver anuncios | J12: abrir
A13: 9 | B13: colorecrecheescola | C13: Escola / Matricula | D13: Fri Jul 12 2024 | E13: 791 | F13: 1 | G13: Video | H13: instagram.com | I13: ver anuncios | J13: abrir
A14: 10 | B14: Escola JM | C14: Escola / Matricula | D14: Fri Oct 11 2024 | E14: 700 | F14: 1 | G14: Imagem | H14: api.whatsapp.com | I14: ver anuncios | J14: abrir
A15: 11 | B15: Colégio Destaque | C15: Escola / Matricula | D15: Wed Nov 13 2024 | E15: 667 | F15: 1 | G15: Video | H15: api.whatsapp.com | I15: ver anuncios | J15: abrir
A16: 12 | B16: Baby Passinho - Berçário e Educação Infantil | C16: Escola / Matricula | D16: Tue Dec 03 2024 | E16: 647 | F16: 1 | G16: Video | H16: api.whatsapp.com | I16: ver anuncios | J16: abrir
... A466: 462 | B466: Marília Campos | C466: Politico / Fora do nicho | D466: Fri Sep 11 2026 | E466: 0 | F466: 1 | G466: Video | H466: instagram.com | I466: ver anuncios | J466: abrir

Sheet 4. Resumo por nicho
A1: 4. ONDE ESTA A GRANA - infoprodutos agrupados por nicho
A3: Nicho | B3: Anunciantes | C3: Anuncios ativos | D3: Media dias no ar | E3: Maior tempo no ar | F3: Anunciante mais escalado
A4: Loja de material didatico | B4: 1 | C4: 1 | D4: 255 | E4: 255 | F4: Família de Trigo
A5: Psicopedagogia / neuro / TEA | B5: 4 | C5: 10 | D5: 199 | E5: 401 | F5: ElloCursos Psicologia
A6: Atividades / material para imprimir | B6: 11 | C6: 33 | D6: 196 | E6: 564 | F6: Atividades da Prô - Recursos Pedagógicos
A7: Alfabetizacao | B7: 5 | C7: 14 | D7: 150 | E7: 456 | F7: Instituto Alfa e Beto
A8: Ingles infantil | B8: 1 | C8: 1 | D8: 149 | E8: 149 | F8: Pequenos Fluentes
A9: Concurso / prova de professor | B9: 4 | C9: 7 | D9: 132 | E9: 449 | F9: Focanoensino
A10: Curso / formacao para professor | B10: 28 | C10: 39 | D10: 85 | E10: 464 | F10: Mind Makers
A11: Material infantil (geral) | B11: 12 | C11: 16 | D11: 84 | E11: 371 | F11: EducaBrasil
A12: Evento / congresso online | B12: 1 | C12: 1 | D12: 66 | E12: 66 | F12: Congresso Brincar
A13: Educacao fisica / motora | B13: 1 | C13: 1 | D13: 38 | E13: 38 | F13: Clube Educação Física
A14: Jogos e ludico | B14: 1 | C14: 1 | D14: 25 | E14: 25 | F14: Guias e Manuais para ajuda
